Address,Data
0x0302AF00,0x1FF10000
0x0302AF04,0x1FD41FE2
0x0302AF08,0x1FB61FC5
0x0302AF0C,0x1F981FA7
0x0302AF10,0x1F7B1F89
0x0302AF14,0x1F5D1F6C
0x0302AF18,0x1F3F1F4E
0x0302AF1C,0x1F221F31
0x0302AF20,0x1F041F13
0x0302AF24,0x1EE61EF5
0x0302AF28,0x1EC91ED8
0x0302AF2C,0x1EAB1EBA
0x0302AF30,0x1E8D1E9C
0x0302AF34,0x1E701E7F
0x0302AF38,0x1E521E61
0x0302AF3C,0x1E351E43
0x0302AF40,0x00001E26
0x0302AF44,0x1FF30000
0x0302AF48,0x1FDA1FE7
0x0302AF4C,0x1FC11FCE
0x0302AF50,0x1FA81FB5
0x0302AF54,0x1F8F1F9C
0x0302AF58,0x1F761F83
0x0302AF5C,0x1F5D1F6A
0x0302AF60,0x1F441F50
0x0302AF64,0x1F2B1F37
0x0302AF68,0x1F121F1E
0x0302AF6C,0x1EF91F05
0x0302AF70,0x1EE01EEC
0x0302AF74,0x1EC71ED3
0x0302AF78,0x1EAE1EBA
0x0302AF7C,0x1E941EA1
0x0302AF80,0x1E7B1E88
0x0302AF84,0x00001E6F
0x0302AF88,0x1FF60000
0x0302AF8C,0x1FE11FEC
0x0302AF90,0x1FCD1FD7
0x0302AF94,0x1FB91FC3
0x0302AF98,0x1FA41FAF
0x0302AF9C,0x1F901F9A
0x0302AFA0,0x1F7C1F86
0x0302AFA4,0x1F671F71
0x0302AFA8,0x1F531F5D
0x0302AFAC,0x1F3F1F49
0x0302AFB0,0x1F2A1F34
0x0302AFB4,0x1F161F20
0x0302AFB8,0x1F011F0C
0x0302AFBC,0x1EED1EF7
0x0302AFC0,0x1ED91EE3
0x0302AFC4,0x1EC41ECF
0x0302AFC8,0x00001EBA
0x0302AFCC,0x1FF80000
0x0302AFD0,0x1FE91FF0
0x0302AFD4,0x1FD91FE1
0x0302AFD8,0x1FCA1FD1
0x0302AFDC,0x1FBA1FC2
0x0302AFE0,0x1FAB1FB2
0x0302AFE4,0x1F9B1FA3
0x0302AFE8,0x1F8C1F93
0x0302AFEC,0x1F7C1F84
0x0302AFF0,0x1F6D1F74
0x0302AFF4,0x1F5D1F65
0x0302AFF8,0x1F4E1F55
0x0302AFFC,0x1F3E1F46
0x0302B000,0x1F2F1F36
0x0302B004,0x1F1F1F27
0x0302B008,0x1F101F17
0x0302B00C,0x00001F08
0x0302B010,0x1FFB0000
0x0302B014,0x1FF01FF6
0x0302B018,0x1FE61FEB
0x0302B01C,0x1FDB1FE1
0x0302B020,0x1FD11FD6
0x0302B024,0x1FC61FCC
0x0302B028,0x1FBC1FC1
0x0302B02C,0x1FB11FB7
0x0302B030,0x1FA71FAC
0x0302B034,0x1F9C1FA2
0x0302B038,0x1F921F97
0x0302B03C,0x1F871F8D
0x0302B040,0x1F7D1F82
0x0302B044,0x1F721F78
0x0302B048,0x1F681F6D
0x0302B04C,0x1F5D1F63
0x0302B050,0x00001F58
0x0302B054,0x1FFD0000
0x0302B058,0x1FF81FFB
0x0302B05C,0x1FF31FF5
0x0302B060,0x1FED1FF0
0x0302B064,0x1FE81FEB
0x0302B068,0x1FE31FE5
0x0302B06C,0x1FDD1FE0
0x0302B070,0x1FD81FDB
0x0302B074,0x1FD31FD6
0x0302B078,0x1FCE1FD0
0x0302B07C,0x1FC81FCB
0x0302B080,0x1FC31FC6
0x0302B084,0x1FBE1FC0
0x0302B088,0x1FB81FBB
0x0302B08C,0x1FB31FB6
0x0302B090,0x1FAE1FB0
0x0302B094,0x00001FAB
0x0302B098,0x00000000
0x0302B09C,0x00000000
0x0302B0A0,0x00000000
0x0302B0A4,0x00000000
0x0302B0A8,0x00000000
0x0302B0AC,0x00000000
0x0302B0B0,0x00000000
0x0302B0B4,0x00000000
0x0302B0B8,0x00000000
0x0302B0BC,0x00000000
0x0302B0C0,0x00000000
0x0302B0C4,0x00010001
0x0302B0C8,0x00010001
0x0302B0CC,0x00010001
0x0302B0D0,0x00010001
0x0302B0D4,0x00010001
0x0302B0D8,0x00000001
0x0302B0DC,0x00030000
0x0302B0E0,0x00080006
0x0302B0E4,0x000E000B
0x0302B0E8,0x00140011
0x0302B0EC,0x00190016
0x0302B0F0,0x001F001C
0x0302B0F4,0x00240022
0x0302B0F8,0x002A0027
0x0302B0FC,0x0030002D
0x0302B100,0x00350032
0x0302B104,0x003B0038
0x0302B108,0x0040003D
0x0302B10C,0x00460043
0x0302B110,0x004B0049
0x0302B114,0x0051004E
0x0302B118,0x00570054
0x0302B11C,0x00000059
0x0302B120,0x00060000
0x0302B124,0x0011000B
0x0302B128,0x001C0017
0x0302B12C,0x00280022
0x0302B130,0x0033002D
0x0302B134,0x003E0039
0x0302B138,0x004A0044
0x0302B13C,0x0055004F
0x0302B140,0x0060005B
0x0302B144,0x006C0066
0x0302B148,0x00770071
0x0302B14C,0x0082007D
0x0302B150,0x008E0088
0x0302B154,0x00990093
0x0302B158,0x00A4009F
0x0302B15C,0x00B000AA
0x0302B160,0x000000B5
0x0302B164,0x00090000
0x0302B168,0x001A0011
0x0302B16C,0x002B0023
0x0302B170,0x003C0034
0x0302B174,0x004E0045
0x0302B178,0x005F0056
0x0302B17C,0x00700068
0x0302B180,0x00820079
0x0302B184,0x0093008A
0x0302B188,0x00A4009B
0x0302B18C,0x00B500AD
0x0302B190,0x00C700BE
0x0302B194,0x00D800CF
0x0302B198,0x00E900E1
0x0302B19C,0x00FA00F2
0x0302B1A0,0x010C0103
0x0302B1A4,0x00000114
0x0302B1A8,0x000C0000
0x0302B1AC,0x00230017
0x0302B1B0,0x003B002F
0x0302B1B4,0x00520046
0x0302B1B8,0x0069005E
0x0302B1BC,0x00810075
0x0302B1C0,0x0098008D
0x0302B1C4,0x00B000A4
0x0302B1C8,0x00C700BC
0x0302B1CC,0x00DF00D3
0x0302B1D0,0x00F600EA
0x0302B1D4,0x010E0102
0x0302B1D8,0x01250119
0x0302B1DC,0x013C0131
0x0302B1E0,0x01540148
0x0302B1E4,0x016B0160
0x0302B1E8,0x00000177
0x0302B1EC,0x000F0000
0x0302B1F0,0x002D001E
0x0302B1F4,0x004B003C
0x0302B1F8,0x0068005A
0x0302B1FC,0x00860077
0x0302B200,0x00A40095
0x0302B204,0x00C200B3
0x0302B208,0x00E000D1
0x0302B20C,0x00FE00EF
0x0302B210,0x011C010D
0x0302B214,0x0139012A
0x0302B218,0x01570148
0x0302B21C,0x01750166
0x0302B220,0x01930184
0x0302B224,0x01B101A2
0x0302B228,0x01CF01C0
0x0302B22C,0x000001DE
0x0302B230,0x00120000
0x0302B234,0x00370025
0x0302B238,0x005B0049
0x0302B23C,0x0080006E
0x0302B240,0x00A40092
0x0302B244,0x00C900B7
0x0302B248,0x00ED00DB
0x0302B24C,0x01120100
0x0302B250,0x01360124
0x0302B254,0x015B0149
0x0302B258,0x017F016D
0x0302B25C,0x01A40192
0x0302B260,0x01C801B6
0x0302B264,0x01ED01DB
0x0302B268,0x021101FF
0x0302B26C,0x02360224
0x0302B270,0x00000248
0x0302B274,0x00160000
0x0302B278,0x0041002B
0x0302B27C,0x006D0057
0x0302B280,0x00980082
0x0302B284,0x00C300AE
0x0302B288,0x00EF00D9
0x0302B28C,0x011A0105
0x0302B290,0x01460130
0x0302B294,0x0171015B
0x0302B298,0x019D0187
0x0302B29C,0x01C801B2
0x0302B2A0,0x01F301DE
0x0302B2A4,0x021F0209
0x0302B2A8,0x024A0235
0x0302B2AC,0x02760260
0x0302B2B0,0x02A1028B
0x0302B2B4,0x000002B7
0x0302B2B8,0x00190000
0x0302B2BC,0x004C0033
0x0302B2C0,0x007F0065
0x0302B2C4,0x00B10098
0x0302B2C8,0x00E400CB
0x0302B2CC,0x011700FD
0x0302B2D0,0x01490130
0x0302B2D4,0x017C0163
0x0302B2D8,0x01AE0195
0x0302B2DC,0x01E101C8
0x0302B2E0,0x021401FA
0x0302B2E4,0x0246022D
0x0302B2E8,0x02790260
0x0302B2EC,0x02AC0292
0x0302B2F0,0x02DE02C5
0x0302B2F4,0x031102F8
0x0302B2F8,0x0000032A
0x0302B2FC,0x001D0000
0x0302B300,0x0056003A
0x0302B304,0x00900073
0x0302B308,0x00CA00AD
0x0302B30C,0x010300E6
0x0302B310,0x013D0120
0x0302B314,0x01760159
0x0302B318,0x01B00193
0x0302B31C,0x01E901CD
0x0302B320,0x02230206
0x0302B324,0x025D0240
0x0302B328,0x02960279
0x0302B32C,0x02D002B3
0x0302B330,0x030902ED
0x0302B334,0x03430326
0x0302B338,0x037C0360
0x0302B33C,0x00000399
0x0302B340,0x00210000
0x0302B344,0x00620041
0x0302B348,0x00A40083
0x0302B34C,0x00E500C4
0x0302B350,0x01260106
0x0302B354,0x01680147
0x0302B358,0x01A90188
0x0302B35C,0x01EB01CA
0x0302B360,0x022C020B
0x0302B364,0x026D024D
0x0302B368,0x02AF028E
0x0302B36C,0x02F002CF
0x0302B370,0x03320311
0x0302B374,0x03730352
0x0302B378,0x03B40394
0x0302B37C,0x03F603D5
0x0302B380,0x00000416
0x0302B384,0x0A0A0A00
0x0302B388,0x0A1E0A14
0x0302B38C,0x00000000
0x0302B390,0x00008000
0x0302B394,0x00008000
0x0302B398,0x00008000
0x0302B39C,0x00008000
0x0302B3A0,0x00008000
0x0302B3A4,0x00008000
0x0302B3A8,0x00008000
0x0302B3AC,0x00008000
0x0302B3B0,0x00008208
0x0302B3B4,0x00008000
0x0302B3B8,0x00008000
0x0302B3BC,0x00008000
0x0302B3C0,0x00008000
0x0302B3C4,0x00008000
0x0302B3C8,0x00008000
0x0302B3CC,0x00008000
0x0302B3D0,0x00000000
0x0302B3D4,0x00000000
0x0302B3D8,0x00000000
0x0302B3DC,0x00000000
0x0302B3E0,0x00000000
0x0302B3E4,0x00000000
0x0302B3E8,0x00000000
0x0302B3EC,0x00000000
0x0302B3F0,0x00000000
0x0302B3F4,0x00000000
0x0302B3F8,0x00000000
0x0302B3FC,0x00000000
0x0302B400,0x00000000
0x0302B404,0x00000000
0x0302B408,0x00000000
0x0302B40C,0x00000000
0x0302B410,0x00000000
0x0302B414,0x00000000
0x0302B418,0x00000000
0x0302B41C,0x82786E64
0x0302B420,0xAAA0968C
0x0302B424,0xD2C8BEB4
0x0302B428,0xFAF0E6DC
0x0302B42C,0xFFFFFFFF
0x0302B430,0xFFFFFFFF
0x0302B434,0xFFFFFFFF
0x0302B438,0xFFFFFFFF
0x0302B43C,0xFFFFFFFF
0x0302B440,0xFFFFFFFF
0x0302B444,0x03E80000
0x0302B448,0x0BB807D0
0x0302B44C,0x13880FA0
0x0302B450,0x1B581770
0x0302B454,0x1FFF1F40
0x0302B458,0x0483041A
0x0302B45C,0x055504EC
0x0302B460,0x062705BE
0x0302B464,0x06F90690
0x0302B468,0x07CB0762
0x0302B46C,0x089D0834
0x0302B470,0x096F0906
0x0302B474,0x0A4109D8
0x0302B478,0x0B130AAA
0x0302B47C,0x0BE50B7C
0x0302B480,0x0CB70C4E
0x0302B484,0x0D890D20
0x0302B488,0x0E5B0DF2
0x0302B48C,0x0F2D0EC4
0x0302B490,0x0FFF0F96
0x0302B494,0x000A0000
0x0302B498,0x001E0014
0x0302B49C,0x00320028
0x0302B4A0,0x0046003C
0x0302B4A4,0x005A0050
0x0302B4A8,0x006E0064
0x0302B4AC,0x00820078
0x0302B4B0,0x0096008C
0x0302B4B4,0x00AA00A0
0x0302B4B8,0x00BE00B4
0x0302B4BC,0x00D200C8
0x0302B4C0,0x00E600DC
0x0302B4C4,0x00FA00F0
0x0302B4C8,0x010E0104
0x0302B4CC,0x01220118
0x0302B4D0,0x0136012C
0x0302B4D4,0x014A0140
0x0302B4D8,0x015E0154
0x0302B4DC,0x01720168
0x0302B4E0,0x0186017C
0x0302B4E4,0x08010000
0x0302B4E8,0x140400C0
0x0302B4EC,0x20070180
0x0302B4F0,0x2BF9FE3F
0x0302B4F4,0x37FCFEFF
0x0302B4F8,0x3FFFFFBF
0x0302B4FC,0x3FFFFFFF
0x0302B500,0x3FFFFFFF
0x0302B504,0x3FFFFFFF
0x0302B508,0x3FFFFFFF
0x0302B50C,0x3FFFFFFF
0x0302B510,0x3FFFFFFF
0x0302B514,0x00000000
0x0302B518,0x00000000
0x0302B51C,0x00000000
0x0302B520,0x00000000
0x0302B524,0x00000000
0x0302B528,0x00000000
0x0302B52C,0x00000000
0x0302B530,0x00000000
0x0302B534,0x00000000
0x0302B538,0x00000000
0x0302B53C,0x00000000
0x0302B540,0x00000000
0x0302B544,0x00000000
0x0302B548,0x00000000
0x0302B54C,0x00000000
0x0302B550,0x00000000
0x0302B554,0x00000000
0x0302B558,0x00000000
0x0302B55C,0x0001F000
0x0302B560,0x0005E03F
0x0302B564,0x0009C07D
0x0302B568,0x000DB0BC
0x0302B56C,0x001190FA
0x0302B570,0x00158139
0x0302B574,0x00196177
0x0302B578,0x001D51B6
0x0302B57C,0x001F41F4
0x0302B580,0x001F41F4
0x0302B584,0x001F41F4
0x0302B588,0x001F41F4
0x0302B58C,0x001F41F4
0x0302B590,0x001F41F4
0x0302B594,0x001F41F4
0x0302B598,0x001F41F4
0x0302B59C,0x001F41F4
0x0302B5A0,0x001F41F4
0x0302B5A4,0x0003F000
0x0302B5A8,0x000BC07D
0x0302B5AC,0x001390FA
0x0302B5B0,0x001B6177
0x0302B5B4,0x002331F4
0x0302B5B8,0x002B0271
0x0302B5BC,0x0032D2EE
0x0302B5C0,0x003AA36B
0x0302B5C4,0x003E83E8
0x0302B5C8,0x003E83E8
0x0302B5CC,0x003E83E8
0x0302B5D0,0x003E83E8
0x0302B5D4,0x003E83E8
0x0302B5D8,0x003E83E8
0x0302B5DC,0x003E83E8
0x0302B5E0,0x003E83E8
0x0302B5E4,0x003E83E8
0x0302B5E8,0x003E83E8
0x0302B5EC,0x0005E000
0x0302B5F0,0x001190BC
0x0302B5F4,0x001D5177
0x0302B5F8,0x00290233
0x0302B5FC,0x0034C2EE
0x0302B600,0x004073AA
0x0302B604,0x004C3465
0x0302B608,0x0057E521
0x0302B60C,0x005DC5DC
0x0302B610,0x005DC5DC
0x0302B614,0x005DC5DC
0x0302B618,0x005DC5DC
0x0302B61C,0x005DC5DC
0x0302B620,0x005DC5DC
0x0302B624,0x005DC5DC
0x0302B628,0x005DC5DC
0x0302B62C,0x005DC5DC
0x0302B630,0x005DC5DC
0x0302B634,0x0007D000
0x0302B638,0x001770FA
0x0302B63C,0x002711F4
0x0302B640,0x0036B2EE
0x0302B644,0x004653E8
0x0302B648,0x0055F4E2
0x0302B64C,0x006595DC
0x0302B650,0x007536D6
0x0302B654,0x007D07D0
0x0302B658,0x007D07D0
0x0302B65C,0x007D07D0
0x0302B660,0x007D07D0
0x0302B664,0x007D07D0
0x0302B668,0x007D07D0
0x0302B66C,0x007D07D0
0x0302B670,0x007D07D0
0x0302B674,0x007D07D0
0x0302B678,0x007D07D0
0x0302B67C,0x0009C000
0x0302B680,0x001D5139
0x0302B684,0x0030D271
0x0302B688,0x004463AA
0x0302B68C,0x0057E4E2
0x0302B690,0x006B761B
0x0302B694,0x007EF753
0x0302B698,0x0092888C
0x0302B69C,0x009C49C4
0x0302B6A0,0x009C49C4
0x0302B6A4,0x009C49C4
0x0302B6A8,0x009C49C4
0x0302B6AC,0x009C49C4
0x0302B6B0,0x009C49C4
0x0302B6B4,0x009C49C4
0x0302B6B8,0x009C49C4
0x0302B6BC,0x009C49C4
0x0302B6C0,0x009C49C4
0x0302B6C4,0x000BC000
0x0302B6C8,0x00233177
0x0302B6CC,0x003AA2EE
0x0302B6D0,0x00521465
0x0302B6D4,0x006985DC
0x0302B6D8,0x0080F753
0x0302B6DC,0x009868CA
0x0302B6E0,0x00AFDA41
0x0302B6E4,0x00BB8BB8
0x0302B6E8,0x00BB8BB8
0x0302B6EC,0x00BB8BB8
0x0302B6F0,0x00BB8BB8
0x0302B6F4,0x00BB8BB8
0x0302B6F8,0x00BB8BB8
0x0302B6FC,0x00BB8BB8
0x0302B700,0x00BB8BB8
0x0302B704,0x00BB8BB8
0x0302B708,0x00BB8BB8
0x0302B70C,0x000DB000
0x0302B710,0x002901B6
0x0302B714,0x0044636B
0x0302B718,0x005FB521
0x0302B71C,0x007B16D6
0x0302B720,0x0096688C
0x0302B724,0x00B1CA41
0x0302B728,0x00CD1BF7
0x0302B72C,0x00DACDAC
0x0302B730,0x00DACDAC
0x0302B734,0x00DACDAC
0x0302B738,0x00DACDAC
0x0302B73C,0x00DACDAC
0x0302B740,0x00DACDAC
0x0302B744,0x00DACDAC
0x0302B748,0x00DACDAC
0x0302B74C,0x00DACDAC
0x0302B750,0x00DACDAC
0x0302B754,0x000FA000
0x0302B758,0x002EE1F4
0x0302B75C,0x004E23E8
0x0302B760,0x006D65DC
0x0302B764,0x008CA7D0
0x0302B768,0x00ABE9C4
0x0302B76C,0x00CB2BB8
0x0302B770,0x00EA6DAC
0x0302B774,0x00FA0FA0
0x0302B778,0x00FA0FA0
0x0302B77C,0x00FA0FA0
0x0302B780,0x00FA0FA0
0x0302B784,0x00FA0FA0
0x0302B788,0x00FA0FA0
0x0302B78C,0x00FA0FA0
0x0302B790,0x00FA0FA0
0x0302B794,0x00FA0FA0
0x0302B798,0x00FA0FA0
0x0302B79C,0x00100000
0x0302B7A0,0x00300200
0x0302B7A4,0x00500400
0x0302B7A8,0x00700600
0x0302B7AC,0x008FF800
0x0302B7B0,0x00AFF9FF
0x0302B7B4,0x00CFFBFF
0x0302B7B8,0x00EFFDFF
0x0302B7BC,0x00FFFFFF
0x0302B7C0,0x00FFFFFF
0x0302B7C4,0x00FFFFFF
0x0302B7C8,0x00FFFFFF
0x0302B7CC,0x00FFFFFF
0x0302B7D0,0x00FFFFFF
0x0302B7D4,0x00FFFFFF
0x0302B7D8,0x00FFFFFF
0x0302B7DC,0x00FFFFFF
0x0302B7E0,0x00FFFFFF
0x0302B7E4,0x00010000
0x0302B7E8,0x00080040
0x0302B7EC,0x001000C0
0x0302B7F0,0x00200180
0x0302B7F4,0x00400300
0x0302B7F8,0x00800604
0x0302B7FC,0x00C08A08
0x0302B800,0x00F0CD8C
0x0302B804,0x00FF0FF0
0x0302B808,0x00FF0FF0
0x0302B80C,0x00FF0FF0
0x0302B810,0x00FF0FF0
0x0302B814,0x00FF0FF0
0x0302B818,0x00FF0FF0
0x0302B81C,0x00FF0FF0
0x0302B820,0x00FF0FF0
0x0302B824,0x00FF0FF0
0x0302B828,0x00FF0FF0
0x0302B82C,0x00000000
0x0302B830,0x00000000
0x0302B834,0x00000000
0x0302B838,0x00000000
0x0302B83C,0x00000000
0x0302B840,0x00000000
0x0302B844,0x00000000
0x0302B848,0x00000000
0x0302B84C,0x00000000
0x0302B850,0x00000000
0x0302B854,0x00000000
0x0302B858,0x00000000
0x0302B85C,0x00000000
0x0302B860,0x00000000
0x0302B864,0x00000000
0x0302B868,0x00000000
0x0302B86C,0x00000000
0x0302B870,0x00000000
0x0302B874,0x00000000
0x0302B878,0x00000000
0x0302B87C,0x00000000
0x0302B880,0x00000000
0x0302B884,0x00000000
0x0302B888,0x00000000
0x0302B88C,0x00000000
0x0302B890,0x00000000
0x0302B894,0x00000000
0x0302B898,0x00000000
0x0302B89C,0x00000000
0x0302B8A0,0x00000000
0x0302B8A4,0x00000000
0x0302B8A8,0x00000000
0x0302B8AC,0x00000000
0x0302B8B0,0x00000000
0x0302B8B4,0x00000000
0x0302B8B8,0x00000000
0x0302B8BC,0x00000000
0x0302B8C0,0x00000000
0x0302B8C4,0x00000000
0x0302B8C8,0x00000000
0x0302B8CC,0x00000000
0x0302B8D0,0x00000000
0x0302B8D4,0x00000000
0x0302B8D8,0x00000000
0x0302B8DC,0x00000000
0x0302B8E0,0x00000000
0x0302B8E4,0x00000000
0x0302B8E8,0x00000000
0x0302B8EC,0x00000000
0x0302B8F0,0x00000000
0x0302B8F4,0x00000000
0x0302B8F8,0x00000000
0x0302B8FC,0x00000000
0x0302B900,0x00000000
0x0302B904,0x00000000
0x0302B908,0x00000000
0x0302B90C,0x00000000
0x0302B910,0x00000000
0x0302B914,0x00000000
0x0302B918,0x00000000
0x0302B91C,0x00000000
0x0302B920,0x00000000
0x0302B924,0x00000000
0x0302B928,0x00000000
0x0302B92C,0x00000000
0x0302B930,0x00000000
0x0302B934,0x00000000
0x0302B938,0x00000000
0x0302B93C,0x00000000
0x0302B940,0x00000000
0x0302B944,0x00000000
0x0302B948,0x00000000
0x0302B94C,0x00000000
0x0302B950,0x00000000
0x0302B954,0x00000000
0x0302B958,0x00000000
0x0302B95C,0x00000000
0x0302B960,0x00000000
0x0302B964,0x00000000
0x0302B968,0x00000000
0x0302B96C,0x00000000
0x0302B970,0x00000000
0x0302B974,0x00000000
0x0302B978,0x00000000
0x0302B97C,0x00000000
0x0302B980,0x00000000
0x0302B984,0x00000000
0x0302B988,0x00000000
0x0302B98C,0x00000000
0x0302B990,0x00000000
0x0302B994,0x00000000
0x0302B998,0x00000000
0x0302B99C,0x00000000
0x0302B9A0,0x00000000
0x0302B9A4,0x00000000
0x0302B9A8,0x00000000
0x0302B9AC,0x00000000
0x0302B9B0,0x00000000
0x0302B9B4,0x00000000
0x0302B9B8,0x00000000
0x0302B9BC,0x00000000
0x0302B9C0,0x00000000
0x0302B9C4,0x00000000
0x0302B9C8,0x00000000
0x0302B9CC,0x00000000
0x0302B9D0,0x00000000
0x0302B9D4,0x00000000
0x0302B9D8,0x00000000
0x0302B9DC,0x00000000
0x0302B9E0,0x00000000
0x0302B9E4,0x00000000
0x0302B9E8,0x00000000
0x0302B9EC,0x00000000
0x0302B9F0,0x00000000
0x0302B9F4,0x00000000
0x0302B9F8,0x00000000
0x0302B9FC,0x00000000
0x0302BA00,0x00000000
0x0302BA04,0x00000000
0x0302BA08,0x00000000
0x0302BA0C,0x00000000
0x0302BA10,0x00000000
0x0302BA14,0x00000000
0x0302BA18,0x00000000
0x0302BA1C,0x00000000
0x0302BA20,0x00000000
0x0302BA24,0x00000000
0x0302BA28,0x00000000
0x0302BA2C,0x00000000
0x0302BA30,0x00000000
0x0302BA34,0x00000000
0x0302BA38,0x00000000
0x0302BA3C,0x00000000
0x0302BA40,0x00000000
0x0302BA44,0x00000000
0x0302BA48,0x00000000
0x0302BA4C,0x00000000
0x0302BA50,0x00000000
0x0302BA54,0x00000000
0x0302BA58,0x00000000
0x0302BA5C,0x00000000
0x0302BA60,0x00000000
0x0302BA64,0x00000000
0x0302BA68,0x00000000
0x0302BA6C,0x00000000
0x0302BA70,0x00000000
0x0302BA74,0x00000000
0x0302BA78,0x00000000
0x0302BA7C,0x00000000
0x0302BA80,0x00000000
0x0302BA84,0x00000000
0x0302BA88,0x00000000
0x0302BA8C,0x00000000
0x0302BA90,0x00000000
0x0302BA94,0x00000000
0x0302BA98,0x00000000
0x0302BA9C,0x00000000
0x0302BAA0,0x00000000
0x0302BAA4,0x00000000
0x0302BAA8,0x00000000
0x0302BAAC,0x00000000
0x0302BAB0,0x00000000
0x0302BAB4,0x00000000
0x0302BAB8,0x00000000
0x0302BABC,0x00000000
0x0302BAC0,0x00000000
0x0302BAC4,0x00000000
0x0302BAC8,0x00000000
0x0302BACC,0x00000000
0x0302BAD0,0x00000000
0x0302BAD4,0x00000000
0x0302BAD8,0x00000000
0x0302BADC,0x00000000
0x0302BAE0,0x00000000
0x0302BAE4,0x00000000
0x0302BAE8,0x00000000
0x0302BAEC,0x00000000
0x0302BAF0,0x00000000
0x0302BAF4,0x00000000
0x0302BAF8,0x00000000
0x0302BAFC,0x00000000
0x0302BB00,0x00000000
0x0302BB04,0x00000000
0x0302BB08,0x00000000
0x0302BB0C,0x00000000
0x0302BB10,0x00000000
0x0302BB14,0x00000000
0x0302BB18,0x00000000
0x0302BB1C,0x00000000
0x0302BB20,0x00000000
0x0302BB24,0x00000000
0x0302BB28,0x00000000
0x0302BB2C,0x00000000
0x0302BB30,0x00000000
0x0302BB34,0x00000000
0x0302BB38,0x00000000
0x0302BB3C,0x00000000
0x0302BB40,0x00000000
0x0302BB44,0x00000000
0x0302BB48,0x00000000
0x0302BB4C,0x00000000
0x0302BB50,0x00000000
0x0302BB54,0x00000000
0x0302BB58,0x00000000
0x0302BB5C,0x00000000
0x0302BB60,0x00000000
0x0302BB64,0x00000000
0x0302BB68,0x00000000
0x0302BB6C,0x00000000
0x0302BB70,0x00000000
0x0302BB74,0x00000000
0x0302BB78,0x00000000
0x0302BB7C,0x00000000
0x0302BB80,0x00000000
0x0302BB84,0x00000000
0x0302BB88,0x00000000
0x0302BB8C,0x00000000
0x0302BB90,0x00000000
0x0302BB94,0x00000000
0x0302BB98,0x00000000
0x0302BB9C,0x00000000
0x0302BBA0,0x00000000
0x0302BBA4,0x00000000
0x0302BBA8,0x00000000
0x0302BBAC,0x00000000
0x0302BBB0,0x00000000
0x0302BBB4,0x00000000
0x0302BBB8,0x00000000
0x0302BBBC,0x00000000
0x0302BBC0,0x00000000
0x0302BBC4,0x00000000
0x0302BBC8,0x00000000
0x0302BBCC,0x00000000
0x0302BBD0,0x00000000
0x0302BBD4,0x00000000
0x0302BBD8,0x00000000
0x0302BBDC,0x00000000
0x0302BBE0,0x00000000
0x0302BBE4,0x00000000
0x0302BBE8,0x00000000
0x0302BBEC,0x00000000
0x0302BBF0,0x00000000
0x0302BBF4,0x00000000
0x0302BBF8,0x00000000
0x0302BBFC,0x00000000
0x0302BC00,0x00000000
0x0302BC04,0x00000000
0x0302BC08,0x00000000
0x0302BC0C,0x00000000
0x0302BC10,0x00000000
0x0302BC14,0x00000000
0x0302BC18,0x00000000
0x0302BC1C,0x00000000
0x0302BC20,0x00000000
0x0302BC24,0x00000000
0x0302BC28,0x00000000
0x0302BC2C,0x00000000
0x0302BC30,0x00000000
0x0302BC34,0x00000000
0x0302BC38,0x00000000
0x0302BC3C,0x00000000
0x0302BC40,0x00000000
0x0302BC44,0x00000000
0x0302BC48,0x00000000
0x0302BC4C,0x00000000
0x0302BC50,0x00000000
0x0302BC54,0x00000000
0x0302BC58,0x00000000
0x0302BC5C,0x00000000
0x0302BC60,0x00000000
0x0302BC64,0x00000000
0x0302BC68,0x00000000
0x0302BC6C,0x00000000
0x0302BC70,0x00000000
0x0302BC74,0x00000000
0x0302BC78,0x00000000
0x0302BC7C,0x00000000
0x0302BC80,0x00000000
0x0302BC84,0x00000000
0x0302BC88,0x00000000
0x0302BC8C,0x00000000
0x0302BC90,0x00000000
0x0302BC94,0x00000000
0x0302BC98,0x00000000
0x0302BC9C,0x00000000
0x0302BCA0,0x00000000
0x0302BCA4,0x00000000
0x0302BCA8,0x00000000
0x0302BCAC,0x00000000
0x0302BCB0,0x00000000
0x0302BCB4,0x00000000
0x0302BCB8,0x00000000
0x0302BCBC,0x00000000
0x0302BCC0,0x00000000
0x0302BCC4,0x00000000
0x0302BCC8,0x00000000
0x0302BCCC,0x00000000
0x0302BCD0,0x00000000
0x0302BCD4,0x00000000
0x0302BCD8,0x00000000
0x0302BCDC,0x00000000
0x0302BCE0,0x00000000
0x0302BCE4,0x00000000
0x0302BCE8,0x00000000
0x0302BCEC,0x00000000
0x0302BCF0,0x00000000
0x0302BCF4,0x00000000
0x0302BCF8,0x00000000
0x0302BCFC,0x00000000
0x0302BD00,0x00000000
0x0302BD04,0x00000000
0x0302BD08,0x00000000
0x0302BD0C,0x00000000
0x0302BD10,0x00000000
0x0302BD14,0x00000000
0x0302BD18,0x00000000
0x0302BD1C,0x00000000
0x0302BD20,0x00000000
0x0302BD24,0x00000000
0x0302BD28,0x00000000
0x0302BD2C,0x00000000
0x0302BD30,0x00000000
0x0302BD34,0x00000000
0x0302BD38,0x00000000
0x0302BD3C,0x00000000
0x0302BD40,0x00000000
0x0302BD44,0x00000000
0x0302BD48,0x00000000
0x0302BD4C,0x00000000
0x0302BD50,0x00000000
0x0302BD54,0x00000000
0x0302BD58,0x00000000
0x0302BD5C,0x00000000
0x0302BD60,0x00000000
0x0302BD64,0x00000000
0x0302BD68,0x00000000
0x0302BD6C,0x00000000
0x0302BD70,0x00000000
0x0302BD74,0x00000000
0x0302BD78,0x00000000
0x0302BD7C,0x00000000
0x0302BD80,0x00000000
0x0302BD84,0x00000000
0x0302BD88,0x00000000
0x0302BD8C,0x00000000
0x0302BD90,0x00000000
0x0302BD94,0x00000000
0x0302BD98,0x00000000
0x0302BD9C,0x00000000
0x0302BDA0,0x00000000
0x0302BDA4,0x00000000
0x0302BDA8,0x00000000
0x0302BDAC,0x00000000
0x0302BDB0,0x00000000
0x0302BDB4,0x00000000
0x0302BDB8,0x00000000
0x0302BDBC,0x00000000
0x0302BDC0,0x00000000
0x0302BDC4,0x00000000
0x0302BDC8,0x00000000
0x0302BDCC,0x00000000
0x0302BDD0,0x00000000
0x0302BDD4,0x00000000
0x0302BDD8,0x00000000
0x0302BDDC,0x00000000
0x0302BDE0,0x00000000
0x0302BDE4,0x00000000
0x0302BDE8,0x00000000
0x0302BDEC,0x00000000
0x0302BDF0,0x00000000
0x0302BDF4,0x00000000
0x0302BDF8,0x00000000
0x0302BDFC,0x00000000
0x0302BE00,0x00000000
0x0302BE04,0x00000000
0x0302BE08,0x00000000
0x0302BE0C,0x00000000
0x0302BE10,0x00000000
0x0302BE14,0x0000A000
0x0302BE18,0x0001E014
0x0302BE1C,0x00032028
0x0302BE20,0x0004603C
0x0302BE24,0x0005A050
0x0302BE28,0x0006E064
0x0302BE2C,0x00082078
0x0302BE30,0x0009608C
0x0302BE34,0x000AA0A0
0x0302BE38,0x000BE0B4
0x0302BE3C,0x000D20C8
0x0302BE40,0x000E60DC
0x0302BE44,0x000FA0F0
0x0302BE48,0x0010E104
0x0302BE4C,0x00122118
0x0302BE50,0x0013612C
0x0302BE54,0x0014A140
0x0302BE58,0x0015E154
0x0302BE5C,0x00000000
0x0302BE60,0x00000000
0x0302BE64,0x00000000
0x0302BE68,0x00000000
0x0302BE6C,0x00000000
0x0302BE70,0x00000000
0x0302BE74,0x00000000
0x0302BE78,0x00000000
0x0302BE7C,0x00000000
0x0302BE80,0x00000000
0x0302BE84,0x00000000
0x0302BE88,0x00000000
0x0302BE8C,0x00000000
0x0302BE90,0x00000000
0x0302BE94,0x00000000
0x0302BE98,0x00000000
0x0302BE9C,0x00000000
0x0302BEA0,0x00000000
0x0302BEA4,0x00000000
0x0302BEA8,0x00000000
0x0302BEAC,0x00000000
0x0302BEB0,0x00000000
0x0302BEB4,0x00000000
0x0302BEB8,0x00000000
0x0302BEBC,0x00000000
0x0302BEC0,0x00000000
0x0302BEC4,0x00000000
0x0302BEC8,0x00000000
0x0302BECC,0x00000000
0x0302BED0,0x00000000
0x0302BED4,0x00000000
0x0302BED8,0x00000000
0x0302BEDC,0x00000000
0x0302BEE0,0x00000000
0x0302BEE4,0x00000000
0x0302BEE8,0x00000000
0x0302BEEC,0x00008004
0x0302BEF0,0x0001000C
0x0302BEF4,0x00018014
0x0302BEF8,0x0002001C
0x0302BEFC,0x00028024
0x0302BF00,0x0003002C
0x0302BF04,0x00038034
0x0302BF08,0x0004003C
0x0302BF0C,0x00048044
0x0302BF10,0x0005004C
0x0302BF14,0x00058054
0x0302BF18,0x0006005C
0x0302BF1C,0x00068064
0x0302BF20,0x0007006C
0x0302BF24,0x00078074
0x0302BF28,0x0008007C
0x0302BF2C,0x00088084
0x0302BF30,0x0009008C
0x0302BF34,0x00000000
0x0302BF38,0x00000000
0x0302BF3C,0x00000000
0x0302BF40,0x00000000
0x0302BF44,0x00000000
0x0302BF48,0x00000000
0x0302BF4C,0x00000000
0x0302BF50,0x00000000
0x0302BF54,0x00000000
0x0302BF58,0x00000000
0x0302BF5C,0x00000000
0x0302BF60,0x00000000
0x0302BF64,0x00000000
0x0302BF68,0x00000000
0x0302BF6C,0x00000000
0x0302BF70,0x00000000
0x0302BF74,0x00000000
0x0302BF78,0x00000000
0x0302BF7C,0x00010008
0x0302BF80,0x00020018
0x0302BF84,0x00030028
0x0302BF88,0x00FFF038
0x0302BF8C,0x00050048
0x0302BF90,0x00060058
0x0302BF94,0x00070068
0x0302BF98,0x0032B078
0x0302BF9C,0x00090CEE
0x0302BFA0,0x000A0098
0x0302BFA4,0x000B07EB
0x0302BFA8,0x000C00B8
0x0302BFAC,0x000D00C8
0x0302BFB0,0x000E00D8
0x0302BFB4,0x000F00E8
0x0302BFB8,0x001000F8
0x0302BFBC,0x00110108
0x0302BFC0,0x00120118
0x0302BFC4,0x00000000
0x0302BFC8,0x00000000
0x0302BFCC,0x00000000
0x0302BFD0,0x00000000
0x0302BFD4,0x00000000
0x0302BFD8,0x00000000
0x0302BFDC,0x00000000
0x0302BFE0,0x00000000
0x0302BFE4,0x00000000
0x0302BFE8,0x00000000
0x0302BFEC,0x00000000
0x0302BFF0,0x00000000
0x0302BFF4,0x00000000
0x0302BFF8,0x00000000
0x0302BFFC,0x00000000
0x0302C000,0x00000000
0x0302C004,0x00000000
0x0302C008,0x00000000
0x0302C00C,0x00020010
0x0302C010,0x00040030
0x0302C014,0x00060050
0x0302C018,0x00080070
0x0302C01C,0x000A0090
0x0302C020,0x000C00B0
0x0302C024,0x000E00D0
0x0302C028,0x001000F0
0x0302C02C,0x00120110
0x0302C030,0x00140130
0x0302C034,0x00160150
0x0302C038,0x00180170
0x0302C03C,0x001A0190
0x0302C040,0x001C01B0
0x0302C044,0x001E01D0
0x0302C048,0x002001F0
0x0302C04C,0x00220210
0x0302C050,0x00240230